Date,Close,High,Low,Open,Volume
,INFY,INFY,INFY,INFY,INFY
2022-01-03,22.99847984313965,23.253412150722095,22.898327555056493,23.116840217305334,4526700
2022-01-04,22.861909866333008,23.098632353526895,22.74354775444392,22.989375153058837,8180900
2022-01-05,22.12442970275879,22.68892210662481,22.07890687805637,22.61608454515027,8881400
2022-01-06,21.951440811157227,22.29741878190336,21.823973780600745,22.03338328202054,11523300
2022-01-07,22.03338050842285,22.188160518726885,21.823971033363865,22.05158859342367,6596500
2022-01-10,22.552349090576172,22.561454001700955,22.2427890586704,22.452196804787764,10032000
2022-01-11,22.77996826171875,22.816386172195987,22.45219838450185,22.652501233587536,9883900
2022-01-12,23.44460678100586,24.02730713170067,23.226094149495307,23.808794500190118,15578800
2022-01-13,23.308040618896484,23.47192555490952,23.189678504405148,23.4355059084247,20147500
2022-01-14,23.854324340820312,23.93626681288282,23.289831948454637,23.417297244292133,11294700
2022-01-18,23.226097106933594,23.462819588691843,23.14415464261019,23.408190121420077,6915000
2022-01-19,22.279205322265625,22.807277972439074,22.260997237944135,22.743545335853604,13756100
2022-01-20,21.559938430786133,22.197266641667117,21.54172860678212,22.151743818241474,19417500
2022-01-21,21.314109802246094,21.641879669308143,21.268586981413833,21.34142453669603,13813600
2022-01-24,20.886192321777344,20.913505323487296,20.003034886018522,20.831562845188344,18128000
2022-01-25,20.467370986938477,20.804245746559364,20.4127432576917,20.631255911263004,9588100
2022-01-26,20.385427474975586,20.795139764687708,20.185124653663053,20.685882575236437,11662800
2022-01-27,19.85735511779785,20.37632286811053,19.77541265863436,20.267067413615305,17086900
2022-01-28,20.631256103515625,20.667675747742322,20.07586868514805,20.166916059130568,15420200
2022-01-31,21.45978546142578,21.496205108290095,20.95902747313192,21.004550295127963,5686800
2022-02-01,21.41425895690918,21.514409495394876,21.159326682451674,21.405154046758835,10309700
2022-02-02,21.641878128051758,21.714715678146728,21.48709811702692,21.605458484712184,9033400
2022-02-03,20.722305297851562,21.177540471170136,20.694990562282076,21.013655530921948,12135000
2022-02-04,20.840665817260742,21.132016052266554,20.63125805292336,20.913503376012194,18253100
2022-02-07,20.458267211914062,20.858874633997328,20.403639479634077,20.649466879770465,15889900
2022-02-08,20.840665817260742,20.913503376012194,20.367222553668487,20.449163287752537,21190900
2022-02-09,21.314109802246094,21.359632623078355,21.031864492600608,21.095597136399494,7472800
2022-02-10,20.886192321777344,21.186647496678656,20.822459669008055,20.98634288902142,10600800
2022-02-11,20.276172637939453,20.731407757408675,20.221543173262546,20.685883203511256,7761500
2022-02-14,20.20333480834961,20.267067446338753,19.930192698502243,20.03034497910469,6502900
2022-02-15,20.840665817260742,20.895295288762618,20.622153141006383,20.740515259342732,9976200
2022-02-16,20.795143127441406,20.8042480394167,20.476478154643786,20.50379289056966,6605000
2022-02-17,20.42184829711914,20.713198503713503,20.36722056752875,20.622151130006714,8470200
2022-02-18,20.494688034057617,20.713200712302772,20.31259326722779,20.51289785805748,8932700
2022-02-22,20.986339569091797,21.232166965100042,20.58573389032014,20.60394197638484,17268300
2022-02-23,20.685884475708008,21.159329445853405,20.631256744255623,20.96813151747792,8420000
2022-02-24,20.248857498168945,20.257962408765227,19.15629427537703,19.493167284518822,21155100
2022-02-25,20.795143127441406,20.82245786336728,20.248860565014684,20.248860565014684,8269300
2022-02-28,20.44916343688965,20.74051541060469,20.294385142925336,20.585735380055986,6965700
2022-03-01,20.1760196685791,20.485579678198608,20.066764216115807,20.3854273996205,6930300
2022-03-02,20.567523956298828,20.740513797358744,20.185126365662537,20.221544274179,8749500
2022-03-03,20.5037899017334,20.886187466031593,20.421847442484918,20.804245006783113,7023600
2022-03-04,20.44916343688965,20.53110590815569,20.16691811174238,20.285280230941954,13424500
2022-03-07,20.55841827392578,20.55841827392578,20.203335430433356,20.285277892252253,14195100
2022-03-08,21.241270065307617,21.496202350903783,20.521999497844043,20.649464772350065,20426800
2022-03-09,21.76024055480957,21.987858137467796,21.432472416659078,21.6236703525315,10599200
2022-03-10,21.705612182617188,21.787554648890076,21.43247178609708,21.43247178609708,7789000
2022-03-11,21.860393524169922,22.11532584981587,21.805765788883075,22.02427846661486,7892800
2022-03-14,22.479511260986328,22.798176200087696,22.24278878441343,22.27010178086678,13945300
2022-03-15,22.024276733398438,22.133532195374194,21.477994213766873,21.996961999612367,9186200
2022-03-16,22.861909866333008,22.871014777754034,22.215475048114257,22.27920769147717,12327300
2022-03-17,22.29741859436035,22.80728150254467,22.270103858774196,22.588768827608533,14814900
2022-03-18,22.79817771911621,22.79817771911621,22.042485683983628,22.206370619960126,29035600
2022-03-21,22.0424861907959,22.361151158456625,21.915020898365352,22.21547604236904,8200800
2022-03-22,22.570560455322266,22.71623557010596,22.379360781803445,22.406675517044523,5367300
2022-03-23,22.13353157043457,22.443091598265895,22.10621857400394,22.169951214454354,9022300
2022-03-24,22.461299896240234,22.47950971701456,22.206367615151944,22.424880254691583,3594400
2022-03-25,22.51593017578125,22.53413999862097,22.315627334297183,22.397569800491638,3365400
2022-03-28,22.50682258605957,22.55234713774147,22.32472958908421,22.51592749639595,2834400
2022-03-29,22.861909866333008,22.871014777754034,22.588767733455004,22.679815111081005,3817200
2022-03-30,22.734445571899414,22.91654034900874,22.597875357359666,22.597875357359666,6945500
2022-03-31,22.66160774230957,22.952957992996243,22.66160774230957,22.73444530498124,7849500
2022-04-01,22.406675338745117,22.880118589732565,22.34294269360744,22.871015414642326,14712000
2022-04-04,22.525035858154297,22.525035858154297,22.342942833277544,22.361150920156177,12357900
2022-04-05,22.197265625,22.34294247377552,22.09711507073375,22.30652282743556,6293000
2022-04-06,21.823972702026367,21.960544637771886,21.614564947540217,21.76934496967874,12373700
2022-04-07,21.687402725219727,21.851287660527174,21.550832524658297,21.623670080730015,8337400
2022-04-08,21.578149795532227,21.760242838821164,21.523520319619475,21.650987360164706,5583400
2022-04-11,20.986339569091797,21.35052907573406,20.904397103755716,21.186644145061894,6641500
2022-04-12,20.549312591552734,21.18664244031064,20.46737013281003,21.07738524979232,11642600
2022-04-13,19.292865753173828,19.939298819543566,19.047038360363825,19.93019390833754,20145500
2022-04-14,18.62822151184082,19.338388971293323,18.591803602850177,19.311074237112127,17199800
2022-04-18,18.719268798828125,18.864943907256027,18.546280692935163,18.70106071271284,11998300
2022-04-19,18.59180450439453,18.628222415151132,17.981789304108243,18.26403462466328,16645300
2022-04-20,18.728374481201172,18.87404959562633,18.628222188814743,18.828526773587598,10019600
2022-04-21,18.82852554321289,19.056143111701278,18.783000987564673,18.983305559248365,21840600
2022-04-22,18.44612693786621,18.764791863431636,18.318661662273694,18.67374449375807,11983400
2022-04-25,18.582698822021484,18.582698822021484,18.236720869550208,18.364186156789476,8778400
2022-04-26,18.318662643432617,18.55538338604502,18.264033176752005,18.437023014738816,13027100
2022-04-27,18.318662643432617,18.500755655948634,18.200300535542187,18.200300535542187,9754100
2022-04-28,18.664640426635742,18.810315530063235,18.528070234245494,18.58269796388475,24229100
2022-04-29,18.091045379638672,18.482546144596014,18.091045379638672,18.427918413580798,12325100
2022-05-02,18.345975875854492,18.409708517882997,18.063730574049295,18.10014848238662,15073900
2022-05-03,18.40970802307129,18.473442399971006,18.327765560784425,18.38239502669847,7716800
2022-05-04,18.764793395996094,18.810316216258766,18.24582560403081,18.300453335662873,7519400
2022-05-05,18.49165153503418,18.928678604233294,18.309558514736825,18.755688758854152,9577100
2022-05-06,18.07283592224121,18.209406120830582,17.94536889851808,18.17298647502846,6615300
2022-05-09,18.045520782470703,18.336870996004897,17.990893051579103,18.245825356713652,14538200
2022-05-10,17.990894317626953,18.318664199210737,17.772381642099223,18.22761681692809,18342600
2022-05-11,17.672225952148438,17.99999577075008,17.644911221736955,17.83611086144926,8503200
2022-05-12,17.78148651123047,17.890741980439444,17.408193807695127,17.444611718569995,13434100
2022-05-13,17.708646774291992,17.763274502175907,17.47192430468281,17.572074849705963,14033500
2022-05-16,17.244306564331055,17.46281921015115,17.207886921735636,17.417294656906876,11057600
2022-05-17,17.854324340820312,17.86342925282345,17.663124661923206,17.681334485929483,7184600
2022-05-18,17.0986328125,17.654018513106774,17.080422989769477,17.590285870134217,10672000
2022-05-19,16.962060928344727,17.144155683015388,16.588768244195723,16.7162352670989,9392800
2022-05-20,17.025794982910156,17.144155355576505,16.743547944902883,17.13505044435844,6019100
2022-05-23,17.19878578186035,17.23520543244065,16.97116817548704,17.107740128578644,7451600
2022-05-24,16.752655029296875,16.907435066913752,16.61608481647833,16.834597504304895,9904800
2022-05-25,16.515928268432617,16.634290362592118,16.297415636812033,16.479510364787867,19046500
2022-05-26,16.79817771911621,16.898328271176194,16.515930675952244,16.58876823044327,9116900
2022-05-27,17.298934936523438,17.335354580476537,17.071317371569183,17.11684018992635,14402900
2022-05-31,17.363378524780273,17.621158197848768,17.188455349489278,17.52909503231992,14970000
2022-06-01,17.5198917388916,17.630368261200875,17.354175199435026,17.418620130114213,11631300
2022-06-02,17.961801528930664,17.971008198551996,17.722433386754084,17.722433386754084,9397700
2022-06-03,17.84211540222168,18.044658608537254,17.80529048215957,17.860528740249016,9036000
2022-06-06,17.88814926147461,18.08148404834125,17.851322584361377,17.971007528986775,3917300
2022-06-07,17.84211540222168,17.851322071235348,17.52909743571978,17.630367282885,11026400
2022-06-08,17.639575958251953,17.777672497179168,17.630369288191105,17.759260913050234,3191500
2022-06-09,17.381792068481445,17.759258464972238,17.381792068481445,17.648780195464013,5958200
2022-06-10,16.875438690185547,17.14242683478178,16.755755499982413,17.14242683478178,8787000
2022-06-13,16.433530807495117,16.60845403232136,16.350672530261253,16.479562403294896,9535700
2022-06-14,16.79258155822754,16.85702649239075,16.571626745671058,16.580833415693338,11567800
2022-06-15,16.83861541748047,16.875440342690297,16.479562299725995,16.626865512550925,16537200
2022-06-16,16.267812728881836,16.378291006840453,16.203367798402915,16.350670998352633,5810400
2022-06-17,16.350669860839844,16.525593057108008,16.129715076287045,16.129715076287045,13242000
2022-06-21,17.280521392822266,17.446237911119848,16.99511994197979,17.050359952073944,14786000
2022-06-22,16.86623191833496,17.01353511584065,16.746548728858823,16.893851926364512,12715900
2022-06-23,16.976709365844727,17.07797921169162,16.838612844422574,16.985916034738544,12097800
2022-06-24,17.188457489013672,17.216077495705708,16.85702443267942,16.912264446063492,6561500
2022-06-27,17.271316528320312,17.289729866941485,17.096393323404413,17.271316528320312,8163800
2022-06-28,16.995119094848633,17.34496545070356,16.976707515060756,17.271313863575003,5168800
2022-06-29,17.13321876525879,17.188457021146743,16.829405723886314,16.91226398571449,5126600
2022-06-30,17.041152954101562,17.09639120713482,16.88464310718034,16.939881360213597,10376700
2022-07-01,17.354175567626953,17.409413829953543,17.03194915140189,17.124014092608007,9066900
2022-07-05,17.188457489013672,17.206870826808363,16.903057777166147,17.041154298641235,10265200
2022-07-06,17.427825927734375,17.51068419331731,17.21607780724135,17.21607780724135,8860200
2022-07-07,17.639575958251953,17.657989298373653,17.400207804648158,17.48306607920304,9675500
2022-07-08,17.547508239746094,17.639573169808305,17.271315205551943,17.538301571140625,15835100
2022-07-11,16.995119094848633,17.114804021427766,16.78337100135306,17.031945766409088,7908800
2022-07-12,16.76495933532715,16.912264280247882,16.672896159241414,16.746547753705517,12463200
2022-07-13,16.672895431518555,16.82019861401741,16.55321049824295,16.60845050867436,8601800
2022-07-14,16.47955894470215,16.525592286833653,16.23098416516937,16.38749401643159,6778800
2022-07-15,16.728134155273438,16.764959073935067,16.52559271265322,16.682102567948274,4846900
2022-07-18,16.976709365844727,17.252902408689035,16.930676021375646,17.105599218373065,7496500
2022-07-19,17.225282669067383,17.28972935232327,17.068774563423645,17.12401282165041,5046400
2022-07-20,17.234487533569336,17.363379130592968,17.133217696755807,17.289727542004773,13431500
2022-07-21,17.685606002807617,17.750052687586223,17.446239626171803,17.58433615299788,15563600
2022-07-22,17.381792068481445,17.54750859474752,17.30814047414014,17.390998737273176,9935200
2022-07-25,17.087186813354492,17.25290335050436,16.80178708603674,17.216078428911413,15146700
2022-07-26,16.488767623901367,16.654484163798696,16.424322693050776,16.654484163798696,13040200
2022-07-27,17.225282669067383,17.298936021359825,16.755754840151035,16.792579760304687,9772700
2022-07-28,17.630367279052734,17.64878061707607,17.280522636572208,17.363380901684646,9660300
2022-07-29,17.94338607788086,18.04465767580389,17.786876224723663,17.83290956741253,7222000
2022-08-01,18.063072204589844,18.063072204589844,17.81449740564768,17.82370407479286,8471600
2022-08-02,17.94338607788086,18.063071012879433,17.897354491184466,17.934179409343084,6613000
2022-08-03,18.504981994628906,18.504981994628906,18.15513558716839,18.191962264161123,7339100
2022-08-04,18.55101203918457,18.661490304964975,18.486567115809528,18.569425376146715,8486500
2022-08-05,18.69831657409668,18.69831657409668,18.431330192822152,18.504981790000564,5790000
2022-08-08,18.66149139404297,18.76276124125991,18.597046466906942,18.698316314123883,9722500
2022-08-09,18.578636169433594,18.652287777641746,18.532602816807966,18.578636169433594,5140100
2022-08-10,18.762760162353516,18.96530335712578,18.698315238923236,18.82720684177626,5828100
2022-08-11,18.55101203918457,18.799586820196133,18.504980452771672,18.67990364192712,7446900
2022-08-12,18.51418685913086,18.541805108190598,18.36688367750413,18.458946849026507,4842800
2022-08-15,18.51418685913086,18.551011776541323,18.43132859996677,18.43132859996677,2987500
2022-08-16,18.55101203918457,18.560218707665644,18.403708855472342,18.45894711036631,7513200
2022-08-17,18.49577522277832,18.578633489559714,18.32085202001842,18.486568553581208,10568900
2022-08-18,18.385297775268555,18.458949376165254,18.311646174371855,18.311646174371855,5370900
2022-08-19,18.21037483215332,18.44974295450028,18.182754825577412,18.44974295450028,2868500
2022-08-22,17.971006393432617,18.06307132440568,17.906561468549224,17.93417971864639,9260400
2022-08-23,17.722429275512695,17.906559113239606,17.722429275512695,17.878939110782888,6669000
2022-08-24,17.722429275512695,17.85131910832617,17.676397694077103,17.713222608027124,5528700
2022-08-25,17.657987594604492,17.67640093294954,17.510684399829294,17.61195424874187,3818500
2022-08-26,17.160837173461914,17.685604999218043,17.142425591991138,17.639573411552334,5710800
2022-08-29,16.930675506591797,17.004327099510377,16.820198995210173,16.91226392535652,5544000
2022-08-30,16.96750259399414,17.289728979352297,16.903057668121015,17.289728979352297,6267500
2022-08-31,16.847816467285156,17.077977904029446,16.847816467285156,17.013532982699832,7419500
2022-09-01,16.958297729492188,16.958297729492188,16.746549591667243,16.87543945712717,4480300
2022-09-02,16.65448570251465,16.97671214253092,16.57162742491067,16.847820512928717,5248800
2022-09-06,16.553211212158203,16.774165995435936,16.507179624139205,16.700514401010025,7158700
2022-09-07,16.96750259399414,16.985915931670043,16.672896215149837,16.70051446567116,4769300
2022-09-08,17.059566497802734,17.059566497802734,16.82940505870876,16.893849980696285,3936900
2022-09-09,17.547508239746094,17.58433491416797,17.262108536946474,17.280521874157415,5513600
2022-09-12,17.713226318359375,17.869736186413185,17.667194727281696,17.704019648945312,3607400
2022-09-13,17.087186813354492,17.400206548861437,17.02274188357235,17.271316689297155,15227800
2022-09-14,16.64527702331543,16.976710093733058,16.544005417133906,16.91226516470577,16757300
2022-09-15,16.3782901763916,16.39670175845728,16.12050871155388,16.29543191112207,21950100
2022-09-16,16.000823974609375,16.074475571790828,15.733837593323832,15.83510919794555,42686600
2022-09-19,16.028444290161133,16.129715896729575,15.917967770261582,16.028444290161133,15219300
2022-09-20,15.669391632080078,15.936377995761063,15.604946708294754,15.890346409055109,18634300
2022-09-21,15.669391632080078,15.917966414674167,15.650978295000709,15.733836555865404,10736000
2022-09-22,15.35637378692627,15.632566852622135,15.282722185674526,15.558915251370392,17899000
2022-09-23,15.291927337646484,15.38399051307962,15.089384137311557,15.264307331421035,18057100
2022-09-26,15.365578651428223,15.586533429225607,15.319545308558467,15.402403569731547,10331500
2022-09-27,15.45764446258545,15.687805922080818,15.356372858489861,15.558914310688458,12443100
2022-09-28,15.752251625061035,15.835109895036819,15.4576452233661,15.522090154237784,8791800
2022-09-29,15.558914184570312,15.558914184570312,15.37478607206208,15.503675926417099,6037800
2022-09-30,15.623360633850098,15.862728783824497,15.623360633850098,15.743045586833667,6245800
2022-10-03,15.69701099395752,15.807489268269485,15.485262870518232,15.531296216478468,9703100
2022-10-04,16.295433044433594,16.30463795811033,15.936379951296745,16.000824882990035,8648900
2022-10-05,16.240190505981445,16.34146210063535,16.019235736184903,16.15733224780869,6090900
2022-10-06,16.092891693115234,16.32305319360942,16.08368502237632,16.258608254429912,10827300
2022-10-07,15.706217765808105,16.000824157908813,15.650979506287374,15.954792567640308,14041700
2022-10-10,16.166540145874023,16.286225086113777,15.954792028209903,16.166540145874023,23349600
2022-10-11,15.770663261413574,15.899554879584741,15.64177339923508,15.678600077567605,12839500
2022-10-12,15.743041038513184,15.93637578302499,15.678596123675916,15.779865951566382,11642700
2022-10-13,16.617656707763672,16.783373239904144,15.568121012197464,15.6509792782677,16478500
2022-10-14,16.396703720092773,16.755756831213937,16.37829213582441,16.50718200566685,13607400
2022-10-17,16.71892738342285,16.921468824793006,16.672895796381788,16.6821024649885,9800800
2022-10-18,16.636070251464844,16.921469973680182,16.47035371727768,16.80178678565201,7630100
2022-10-19,16.415115356445312,16.55321188208374,16.32305042068883,16.43352869479513,6284000
2022-10-20,16.470354080200195,16.783373817008286,16.44273582788884,16.599245696292886,8674600
2022-10-21,16.847816467285156,16.903056476418318,16.442733602929735,16.507178524259352,7393300
2022-10-24,16.976709365844727,17.068774298790345,16.774166162165862,16.838612844422574,9595200
2022-10-25,17.142427444458008,17.197665706824587,17.013535824279053,17.031949163732147,5701200
2022-10-26,17.197664260864258,17.381792371935806,17.077979320474824,17.124012665237128,7555000
2022-10-27,17.226512908935547,17.338191089573595,17.133446575008723,17.198592476229695,7597000
2022-10-28,17.48710060119629,17.50571245036852,17.096223367092854,17.133448840530228,8698000
2022-10-31,17.43126106262207,17.52432741597834,17.31958285866898,17.366115147800592,8585500
2022-11-01,17.598779678344727,17.887283768537575,17.533633765245664,17.859365105833977,5474700
2022-11-02,17.13344955444336,17.57085909234263,17.13344955444336,17.412646829682387,6370600
2022-11-03,16.9287052154541,17.003157941452812,16.826332051545997,16.93801202809057,11328700
2022-11-04,17.058996200561523,17.179981208680676,16.84494484576222,17.0031571025906,10899800
2022-11-07,17.29166030883789,17.36611302741369,16.98454262282612,16.98454262282612,6280400
2022-11-08,17.44056510925293,17.63600459781213,17.3288869230129,17.403339638870506,6187600
2022-11-09,17.19859504699707,17.44987365363167,17.18928823470398,17.22651548387634,10196200
2022-11-10,17.86867332458496,17.952432869473103,17.608087876589277,17.76630015303431,9282800
2022-11-11,18.38053321838379,18.41776046682005,18.017576421594804,18.15717505304496,6249900
2022-11-14,18.194398880004883,18.42706383639928,18.194398880004883,18.25954655887322,5670300
2022-11-15,18.38983917236328,18.669036422235344,18.371225549013722,18.59458370392994,5136400
2022-11-16,18.324695587158203,18.44568060407141,18.25024285942091,18.287468335743032,4740800
2022-11-17,18.129255294799805,18.18509616954279,17.998963470585455,18.0454957577783,4115500
2022-11-18,18.119945526123047,18.31538500565213,18.017574155981798,18.31538500565213,2744300
2022-11-21,17.961734771728516,17.998962018553936,17.905895676583217,17.924509299995925,7430300
2022-11-22,18.026884078979492,18.064109554068338,17.92451091607244,17.943124541163357,4605400
2022-11-23,18.17578887939453,18.194400728726734,17.96173574869139,17.971042560903957,3328100
2022-11-25,18.53874397277832,18.631810311239516,18.4084521639883,18.45498444567252,3161100
2022-11-28,18.26885223388672,18.575969916063144,18.25024038579482,18.520130821601832,4043200
2022-11-29,18.343307495117188,18.510826576823053,18.306082018678694,18.352614308000074,5516500
2022-11-30,18.938928604125977,18.948235415785323,18.39914595353351,18.464291860056125,6994600
2022-12-01,19.08783531188965,19.14367441047224,18.845863517907826,18.98546215191078,5586800
2022-12-02,18.790021896362305,18.88308823156577,18.48290423275576,18.706262372188455,5674600
2022-12-05,18.38053321838379,18.75279682728184,18.23162777482457,18.650425444267945,7650000
2022-12-06,18.06410789489746,18.22232014345263,17.850056551291292,18.138560613329727,11673400
2022-12-07,18.045494079589844,18.082721325956452,17.89658864430902,18.00826860831604,8087400
2022-12-08,18.222318649291992,18.44567678627428,18.13855912603705,18.185093180674617,6872000
2022-12-09,17.207902908325195,17.70115333937104,17.133450180534602,17.608086985859533,12510700
2022-12-12,17.13344955444336,17.24512952959476,17.086917266934517,17.2079022795133,6741000
2022-12-13,17.43126106262207,17.82213832664398,17.338194709265796,17.691846497001023,13184600
2022-12-14,17.421953201293945,17.654618183135927,17.310275004061843,17.449873638148443,7721700
2022-12-15,16.910091400146484,17.086917288066143,16.76118594982245,17.058996850470518,6568600
2022-12-16,16.500598907470703,16.956622026293267,16.46337343608356,16.85425064865902,15368300
2022-12-19,16.64019775390625,16.74257090800107,16.556439998392932,16.621585905510422,10765900
2022-12-20,16.807716369628906,16.947314991908147,16.658810935852014,16.705344993340287,6483900
2022-12-21,16.956623077392578,17.003157138377055,16.770492158733447,16.770492158733447,4228200
2022-12-22,16.686735153198242,16.82633380712425,16.50060243123477,16.78910832778747,7911000
2022-12-23,16.677425384521484,16.705345820396747,16.500599507497242,16.584359040030154,3685100
2022-12-27,16.779800415039062,16.835639517933153,16.602974518265853,16.76118678904334,4943200
2022-12-28,16.714651107788086,16.928704235854322,16.67742563448933,16.798410641576417,5872100
2022-12-29,16.975236892700195,17.10552871473622,16.835638258362604,16.835638258362604,4971600
2022-12-30,16.761186599731445,16.919398868721977,16.61228114363366,16.83563932778034,4468300
2023-01-03,16.96592903137207,17.077608996992584,16.80771678221383,16.91939674783434,11041400
2023-01-04,16.84494400024414,16.910089907122426,16.62158584447881,16.696038563067255,10440400
2023-01-05,16.45406723022461,16.630893107328664,16.45406723022461,16.57505223555293,6420300
2023-01-06,16.575054168701172,16.602974607845397,16.258629625438967,16.314470503727417,8915600
2023-01-09,16.751876831054688,16.975234975790954,16.742570019804084,16.83563635721738,10778100
2023-01-10,16.59366798400879,16.69604115361185,16.463376150036243,16.686734340457654,9517600
2023-01-11,16.863557815551758,16.891476475907087,16.509906066912887,16.584358786348517,9032200
2023-01-12,17.124141693115234,17.319581193886798,16.807717187174898,17.235821661426538,10853600
2023-01-13,17.235822677612305,17.291661777513667,16.975237252917644,17.11483589021754,10388700
2023-01-17,17.37542152404785,17.57085926360146,17.32888923608547,17.32888923608547,7344100
2023-01-18,17.449872970581055,17.673231131593347,17.449872970581055,17.5150188789897,6338300
2023-01-19,17.505714416503906,17.608087586367212,17.449875312529883,17.47779575206345,4594600
2023-01-20,17.477792739868164,17.524325022644767,17.300966870150027,17.384726399222156,6126200
2023-01-23,17.72907066345215,17.78491153639618,17.51501930911211,17.59877884343524,4319100
2023-01-24,17.5894718170166,17.682538162363407,17.533632719845674,17.654617726231496,7045800
2023-01-25,17.328887939453125,17.44056613224373,17.25443521922843,17.431259320329037,8245400
2023-01-26,17.626697540283203,17.645309387668114,17.300966247295275,17.39403258459079,6245500
2023-01-27,17.366113662719727,17.459180008117336,17.21720822012071,17.32888818961642,5411100
2023-01-30,17.394033432006836,17.57085752888095,17.35680618523787,17.421952091990736,8848300
2023-01-31,17.49640464782715,17.49640464782715,17.254434646449,17.328887364202153,7983100
2023-02-01,17.701148986816406,17.812827163495104,17.4684840477944,17.570855413901104,7845700
2023-02-02,18.157175064086914,18.185095500431085,17.943123710726976,18.054801905917852,10416900
2023-02-03,17.943124771118164,18.138562511798508,17.868672044893316,17.961736621354618,5482200
2023-02-06,17.5150203704834,17.673232636559632,17.449874456527247,17.598779909882172,7774000
2023-02-07,17.710458755493164,17.747684228906145,17.38472743143828,17.38472743143828,6590600
2023-02-08,17.831443786621094,17.998962854934142,17.803523350204618,17.915203320777618,5737300
2023-02-09,17.998960494995117,18.2316254426811,17.961733251320872,18.166479541343854,4725100
2023-02-10,17.831443786621094,18.036188328396534,17.71045877900218,17.952430569332922,11739400
2023-02-13,17.701148986816406,17.729067643439773,17.552243567849732,17.5801622244731,5610000
2023-02-14,17.794218063354492,17.905896257266786,17.636005809401336,17.73837719130546,6225500
2023-02-15,17.896589279174805,17.933816526862017,17.756990650533496,17.794217898220708,8592700
2023-02-16,17.794218063354492,17.95243031730765,17.74768400331363,17.78491125134632,6542000
2023-02-17,17.75699234008789,17.794219591317226,17.636007323778625,17.69184642552959,5695200
2023-02-21,17.48710060119629,17.691845142834122,17.477793789063718,17.50571245036852,11326500
2023-02-22,17.328887939453125,17.459179756073123,17.30096750370904,17.40334065967782,7887000
2023-02-23,17.403339385986328,17.47779210076208,17.254433956434823,17.3381917073514,7433600
2023-02-24,17.058996200561523,17.217208457389905,16.99385029041329,17.189288020857983,11821700
2023-02-27,16.900781631469727,17.01246158722511,16.854249352042377,16.928702064181742,6270100
2023-02-28,16.6960391998291,16.798410582359484,16.686732387763996,16.751878297126847,7969800
2023-03-01,16.770490646362305,16.854250173487962,16.64950387380624,16.835636550772758,4293700
2023-03-02,16.83563995361328,16.83563995361328,16.556442656824565,16.602974947924977,6263000
2023-03-03,16.919397354125977,16.919397354125977,16.677425565854715,16.88217010588752,6765200
2023-03-06,16.993850708007812,17.068303432162896,16.95662345838379,17.068303432162896,7383700
2023-03-07,16.956623077392578,17.049689424268607,16.863558505609475,16.984543513983265,5435600
2023-03-08,16.900781631469727,16.965927532705084,16.817022108426357,16.965927532705084,4737800
2023-03-09,16.49129295349121,16.835637900967424,16.49129295349121,16.723957930812382,6733900
2023-03-10,16.45406723022461,16.705345827936757,16.4075331704115,16.547133574757947,6763900
2023-03-13,16.072498321533203,16.295856504290573,15.793299261766707,16.053884695863495,13321500
2023-03-14,16.12833595275879,16.258627770379775,16.007350947124,16.016655984017316,7397600
2023-03-15,15.756072044372559,15.83052476373084,15.579246170236816,15.718844797146993,14925800
2023-03-16,15.998045921325684,16.007352734350988,15.607168649728253,15.607168649728253,7402800
2023-03-17,15.718847274780273,15.932900429881029,15.690928610053357,15.886366363514286,15611100
2023-03-20,15.756072044372559,15.858445199150017,15.672312513207883,15.728151608953384,9583200
2023-03-21,15.718847274780273,15.737460901326969,15.523409521319342,15.67231498350666,13141400
2023-03-22,15.448955535888672,15.73745962356563,15.439648723370965,15.607167798503712,8451200
2023-03-23,15.765378952026367,15.877057144196328,15.504793545141691,15.690926232215439,14192500
2023-03-24,15.635085105895996,15.644391917607097,15.49548648041516,15.588552822433329,6230000
2023-03-27,15.839831352233887,15.858444975584263,15.663005480590963,15.728151387224454,11983600
2023-03-28,15.607166290283203,15.737458102754191,15.523406760811051,15.653698573282039,9638200
2023-03-29,15.783990859985352,15.802604483781261,15.644392231701774,15.663005855497682,7848700
2023-03-30,15.951509475708008,15.951509475708008,15.83983128625657,15.923590815891558,6290700
2023-03-31,16.2307071685791,16.24931901523293,16.053881312172702,16.221400357705853,8384400
2023-04-03,16.212095260620117,16.23070888433427,16.016655761807225,16.016655761807225,8446400
2023-04-04,16.165565490722656,16.24932326027781,16.13764505080885,16.221404595457138,7522300
2023-04-05,16.12833595275879,16.230709109514066,16.044576419975904,16.184175049583086,5559700
2023-04-06,16.053882598876953,16.165562563214326,15.960816257777944,16.100414881880052,6830800
2023-04-10,16.184175491333008,16.193482303573234,16.007351384047478,16.156256829705256,9204200
2023-04-11,16.24001693725586,16.24001693725586,15.988738323190617,16.035270610939147,11708400
2023-04-12,15.886364936828613,16.56574626893259,15.83052583729632,16.481986732087663,16959200
2023-04-13,14.332162857055664,14.862639631423791,14.26701694465202,14.769573281521597,40415000
2023-04-14,14.127418518066406,14.471762597766297,14.015739429045887,14.378696246475947,26028600
2023-04-17,14.136723518371582,14.229789863573782,14.006431700144239,14.025044436656811,17173000
2023-04-18,13.922672271728516,14.136723624739115,13.904058647529444,14.118110888086497,20768400
2023-04-19,13.792379379272461,13.885445723921855,13.736540282519977,13.801686191246688,19107300
2023-04-20,13.82029914855957,13.950590959728242,13.764459166954142,13.792378713983657,16901400
2023-04-21,13.838912963867188,13.922672499037605,13.810993414659205,13.876139325326655,6908400
2023-04-24,13.792379379272461,13.82960573962293,13.690007110195278,13.792379379272461,11751900
2023-04-25,13.764460563659668,13.84822010079385,13.755153751189983,13.84822010079385,14700200
2023-04-26,13.82029914855957,13.913364601173422,13.755152355428837,13.801685525508962,11181600
2023-04-27,14.248404502868652,14.276324053400074,14.034352248670393,14.034352248670393,11606400
2023-04-28,14.462455749511719,14.471762562127134,14.201871209105574,14.201871209105574,11666900
2023-05-01,14.415922164916992,14.453148526775825,14.36008306590198,14.42522897726832,7691400
2023-05-02,14.462455749511719,14.490375299811465,14.294936672620233,14.406615761365723,10433300
2023-05-03,14.313549995422363,14.49968180606543,14.285630445712524,14.443842706645752,9372300
2023-05-04,14.239096641540527,14.378695271463434,14.229789829533283,14.313549362505604,12316300
2023-05-05,14.1925630569458,14.220482604610401,14.118110338142586,14.183256245208794,11268800
2023-05-08,14.20186996459961,14.30424223175883,14.192563152799746,14.285629495705528,12112600
2023-05-09,14.211177825927734,14.22979056335563,14.15533783855107,14.192564200953349,12613800
2023-05-10,14.239096641540527,14.276323002023066,14.127417560092915,14.211177093065237,15541600
2023-05-11,13.987818717956543,14.146030979532439,13.969205980589871,14.146030979532439,15960000
2023-05-12,14.034351348876953,14.062270897618351,13.941285003010357,13.959898627202257,10854900
2023-05-15,14.276323318481445,14.313549679789167,14.034351526208022,14.08088469972929,8921200
2023-05-16,14.062271118164062,14.220483376090728,14.052965193468616,14.192563826911453,13214600
2023-05-17,14.136723518371582,14.16464395446011,13.959898527543139,13.959898527543139,7723900
2023-05-18,14.09949779510498,14.118111420005343,14.025045070596494,14.043658695496859,9384700
2023-05-19,14.1925630569458,14.332161682815224,14.183256245208794,14.229789416347408,7375200
2023-05-22,14.564826011657715,14.639278727192925,14.397307845476682,14.415920580587295,10336400
2023-05-23,14.453147888183594,14.555521044432028,14.434535151849794,14.481068324003951,7113800
2023-05-24,14.481067657470703,14.555520374471877,14.415920864434879,14.518294015971291,6913200
2023-05-25,14.57413387298584,14.667200217883046,14.443842055185483,14.648586593885028,9303400
2023-05-26,14.769573211669922,14.834719123765462,14.695120487118881,14.713734112029885,6331800
2023-05-30,14.797492980957031,14.844026156378204,14.732347067895288,14.788187055909995,6573500
2023-05-31,14.85333251953125,14.899865693544395,14.70442707272636,14.70442707272636,9041000
2023-06-01,14.931622505187988,14.99764960712299,14.780702901021245,14.893892604146304,7995900
2023-06-02,14.903324127197266,14.9693512239173,14.808998932267164,14.818431631670519,7581500
2023-06-05,14.52602481842041,14.818432214564403,14.469430418877549,14.780702315018575,14055500
2023-06-06,14.75240421295166,14.78070141099236,14.393969739413196,14.441132335848835,12480900
2023-06-07,14.75240421295166,14.808998609033061,14.648646320882914,14.75240421295166,7357300
2023-06-08,14.563754081726074,14.761836270576087,14.516592384017942,14.686376474781008,10270800
2023-06-09,14.573186874389648,14.639214870796861,14.43169998125597,14.450564480549653,8376100
2023-06-12,14.91275691986084,14.941054118696142,14.733539228283215,14.752404627207904,9468800
2023-06-13,14.95048713684082,15.035378735156264,14.80899934054491,15.025946935044605,5843500
2023-06-14,14.6769437789917,14.988215642532216,14.610915787038003,14.903323152557226,15595900
2023-06-15,14.733538627624512,14.77126852438398,14.535456444749366,14.59205173966442,9532800
2023-06-16,14.931622505187988,14.959919706081305,14.75240570012793,14.846730002956246,18245800
2023-06-20,14.75240421295166,14.94105369914251,14.686376218121083,14.912756501101809,7622000
2023-06-21,14.516592979431152,14.56375467907367,14.261915483513105,14.48829488018353,15032000
2023-06-22,14.592052459716797,14.629782358338069,14.318510469824641,14.34680766890266,11712900
2023-06-23,14.337373733520508,14.403401725080123,14.29021113942126,14.375103628889576,8482700
2023-06-26,14.620349884033203,14.658079783235735,14.431700388020545,14.441133087709117,8509100
2023-06-27,14.733538627624512,14.752404025780095,14.582619040586629,14.72410592854672,7913600
2023-06-28,14.856161117553711,14.875026515837007,14.667511632479242,14.79013402266557,7520300
2023-06-29,14.997648239135742,15.016513637711705,14.799566051846702,14.884458546335107,7992900
2023-06-30,15.158000946044922,15.337218639242638,15.110839247410329,15.252326142417587,12763900
2023-07-03,15.224027633666992,15.374947224156363,15.139135139128792,15.271191130134566,7111800
2023-07-05,15.337217330932617,15.440975218002043,15.214594046377236,15.233459443863191,13415500
2023-07-06,15.158000946044922,15.261758841965202,15.0919738483151,15.224028043774743,6464100
2023-07-07,15.139135360717773,15.261758654224849,15.091973662663333,15.091973662663333,5208600
2023-07-10,15.10140609741211,15.158000493906197,15.073107999613352,15.129704195210866,6775000
2023-07-11,15.318352699279785,15.356083496138027,15.23346020545216,15.337218097708906,7631500
2023-07-12,15.158000946044922,15.365516737885482,15.120271946957944,15.337218639242638,7102600
2023-07-13,15.837140083312988,15.893734478502967,15.63905700149298,15.63905700149298,13295300
2023-07-14,16.072952270507812,16.223871858100086,16.025788774945603,16.18614106165032,11539700
2023-07-17,16.308767318725586,16.327630921279695,16.063522494484932,16.082386097039038,12658400
2023-07-18,16.865280151367188,17.110524944730127,16.752091353878754,16.7898203533404,25345300
2023-07-19,16.704925537109375,16.931306698872632,16.638898447888113,16.799250721326857,21117700
2023-07-20,15.299487113952637,15.299487113952637,14.459996684249536,15.091973131077543,39518000
2023-07-21,15.374946594238281,15.535298877451467,15.17686531450024,15.271190504467413,15268200
2023-07-24,15.299487113952637,15.412677704041212,15.252325417559378,15.374946907643888,10331400
2023-07-25,15.450407028198242,15.507003223991555,15.308920136921826,15.308920136921826,7717900
2023-07-26,15.676788330078125,15.72395002782084,15.469272542161908,15.469272542161908,10006100
2023-07-27,15.686219215393066,15.827707906693249,15.667355615776028,15.69565191475331,11839800
2023-07-28,15.525867462158203,15.54473286153202,15.271191767025682,15.431544063496125,9072200
2023-07-31,15.714518547058105,15.79941104886087,15.657924145557459,15.67678954575887,6604000
2023-08-01,15.84657096862793,15.88430176478867,15.705084081231915,15.77111117540983,7462200
2023-08-02,15.582465171813965,15.657924977525504,15.497572665500524,15.601330573017771,11896400
2023-08-03,15.573029518127441,15.620191213090086,15.5070024255384,15.582462216940637,10134400
2023-08-04,15.761678695678711,15.922030983386247,15.69565160058209,15.733382397267821,7013000
2023-08-07,15.82770824432373,15.931464341292786,15.761679347393537,15.922031641731328,5533700
2023-08-08,15.81827449798584,15.81827449798584,15.639056816384889,15.75224740452848,6330600
2023-08-09,15.761678695678711,15.893734684975358,15.686218901410658,15.856003888289628,7998100
2023-08-10,15.912599563598633,16.035221050615515,15.827707072931814,15.827707072931814,9033300
2023-08-11,15.733383178710938,15.752248577990807,15.620192582135223,15.667356080334894,6831100
2023-08-14,15.903167724609375,15.988060219866279,15.789977131232355,15.846571528369141,5407200
2023-08-15,16.15784454345703,16.20500804362864,15.818276337739315,15.818276337739315,13343900
2023-08-16,16.15784454345703,16.327629545867676,16.101250142354672,16.23330434462803,8748900
2023-08-17,16.006925582885742,16.19557599292865,15.988061981164368,16.19557599292865,6166600
2023-08-18,15.771111488342285,15.808842285251686,15.65792269582092,15.761678789114935,5445600
2023-08-21,15.922030448913574,15.988059340897136,15.789976263153147,15.950328545477959,6993300
2023-08-22,16.025789260864258,16.12954715514377,15.978627562975454,15.997491162668904,4037600
2023-08-23,16.289899826049805,16.308765225286024,16.110682131512736,16.110682131512736,6097000
2023-08-24,16.15784454345703,16.35592764597064,16.120115542423317,16.318196845833356,4708800
2023-08-25,16.271034240722656,16.327628638680544,16.09181654823529,16.20500714325454,4662000
2023-08-28,16.346492767333984,16.41251985967081,16.271032976219995,16.280465674997163,5356600
2023-08-29,16.431386947631836,16.440819647379406,16.28046734987775,16.29933274937289,7928100
2023-08-30,16.554006576538086,16.59173737126706,16.45968318792228,16.47854678618345,4613400
2023-08-31,16.384225845336914,16.57287444985555,16.374793145245444,16.506847348318846,6511500
2023-09-01,16.525712966918945,16.582307369112176,16.459685864509574,16.525712966918945,5315100
2023-09-05,16.76152229309082,16.931307270594793,16.752089594440232,16.808683987240453,5746400
2023-09-06,16.582305908203125,16.742658199543172,16.554007810047782,16.686063802335934,5049300
2023-09-07,16.525712966918945,16.601172769544455,16.487982166054387,16.554009268463755,5920700
2023-09-08,16.742658615112305,16.752091314731548,16.58230631979216,16.62003711826913,5796800
2023-09-11,16.931306838989258,16.931306838989258,16.733223770582967,16.827548955581044,5196600
2023-09-12,17.035062789916992,17.148253370849105,16.98790109733884,17.01619919234768,6680000
2023-09-13,16.97846794128418,17.025629632590913,16.912440853813475,17.016198733612125,4102400
2023-09-14,17.08222770690918,17.148254801669076,17.006767913025957,17.08222770690918,2914100
2023-09-15,16.742658615112305,17.101092205126072,16.695496916119584,17.05393050613335,16969900
2023-09-18,16.752090454101562,16.865279245510475,16.704926958428345,16.742657754966917,3944300
2023-09-19,16.7803897857666,16.80868608614843,16.686064586585598,16.733226286624333,3171400
2023-09-20,16.874711990356445,17.082227773673925,16.865279291196252,16.940739085374403,4888100
2023-09-21,16.733224868774414,16.950171549135792,16.733224868774414,16.893577154063994,5630200
2023-09-22,16.77095603942871,16.93130832829936,16.733225242469302,16.874712132860243,5319300
2023-09-25,16.61060333251953,16.676630426433373,16.421952950677085,16.563439837507232,4992900
2023-09-26,16.289899826049805,16.506846519955815,16.27103442681359,16.440819421732552,5946500
2023-09-27,16.45025062561035,16.516277717830096,16.346492738348847,16.43138522808947,10292100
2023-09-28,15.997490882873535,16.176708570102694,15.771111498580428,16.072952476741325,18047500
2023-09-29,16.138978958129883,16.30876393966468,16.082382764882716,16.157842556775584,9559900
2023-10-02,16.205005645751953,16.214438344390505,16.06351876438028,16.06351876438028,4529900
2023-10-03,16.035221099853516,16.261600475959046,16.016355702068882,16.12011359078101,6775000
2023-10-04,16.45025062561035,16.45968332437079,16.18614045762804,16.214438553909357,7318800
2023-10-05,16.61060333251953,16.648332329425994,16.469114646586007,16.525710840600766,5069500
2023-10-06,16.7803897857666,16.846416885462244,16.54457768736586,16.591739387404594,5476600
2023-10-09,16.742658615112305,16.789820314105025,16.53514462079944,16.58230631979216,8642700
2023-10-10,16.836986541748047,16.978473460767017,16.77095943281278,16.836986541748047,11060900
2023-10-11,16.61060333251953,16.912442504184742,16.554007138504772,16.8464154102709,15897100
2023-10-12,15.525867462158203,15.931464553177765,15.290055367295993,15.469273063140255,26816400
2023-10-13,15.940896034240723,16.214438906939204,15.818274545891887,15.88430163954921,13208800
2023-10-16,16.23330307006836,16.318195564608338,16.00692368432956,16.00692368432956,7474100
2023-10-17,16.365360260009766,16.41252196082998,16.12011545771681,16.12011545771681,7210500
2023-10-18,16.16727638244629,16.299332376790115,16.129547383421965,16.20500718057409,6115500
2023-10-19,16.120115280151367,16.28046757991878,16.101249880389663,16.120115280151367,4830900
2023-10-20,16.006925582885742,16.20500869334116,15.969196580339347,16.03522368412327,5910200
2023-10-23,15.82770824432373,16.04465493692678,15.761679347393537,15.808842845200818,8505800
2023-10-24,16.034107208251953,16.07232820700743,15.909884861526672,15.928996272186629,5602500
2023-10-25,15.651885032653809,15.795218778567714,15.642331150652884,15.728328846611223,4727100
2023-10-26,15.59455394744873,15.737885882927193,15.546777243144057,15.661442062501049,6991300
2023-10-27,15.709219932556152,15.871663271990386,15.670997112658982,15.77610804481183,5591700
2023-10-30,15.766552925109863,15.823885334519494,15.661441989055179,15.766552925109863,5559700
2023-10-31,15.690109252929688,15.77610877913694,15.594554021303354,15.680553547510609,4663500
2023-11-01,15.670995712280273,15.680551416400656,15.5467752038437,15.575440493640645,5943300
2023-11-02,15.948107719421387,15.995884423616411,15.814329667059326,15.881219604522574,9262500
2023-11-03,15.938552856445312,16.100996210883984,15.928997150588387,16.053217681599353,8674200
2023-11-06,16.110551834106445,16.120107539914358,15.976773775360195,16.05321759925897,3979000
2023-11-07,16.04366111755371,16.100993520550997,15.96721548347169,16.053214999249732,2875500
2023-11-08,15.928994178771973,15.986326580652689,15.88121748096541,15.938549882846123,3314000
2023-11-09,15.632776260375977,15.842996304067846,15.613664850250064,15.804775306380407,7329500
2023-11-10,15.89077091217041,15.938549431187244,15.65188378477867,15.670995192385403,5099500
2023-11-13,15.814330101013184,15.871664334697824,15.690109573158775,15.718776690001096,4579800
2023-11-14,16.16788101196289,16.234769116672613,15.986326283062096,16.005437690854635,6902000
2023-11-15,16.58832359313965,16.58832359313965,16.215658415209074,16.215658415209074,10004100
2023-11-16,16.5023250579834,16.731656507424855,16.5023250579834,16.67432410070558,5859600
2023-11-17,16.73165512084961,16.741210824938317,16.502323690413164,16.540544684203805,4249400
2023-11-20,16.76032257080078,16.798543565361495,16.597879243148217,16.63610023770893,5052400
2023-11-21,16.66476821899414,16.76987732643677,16.636101104656518,16.693433510767434,4702200
2023-11-22,16.79854393005371,16.894099152376327,16.72210011670847,16.85587633442157,5435700
2023-11-24,16.69343376159668,16.69343376159668,16.521436540679556,16.61698994477873,2743400
2023-11-27,16.597881317138672,16.645658021950567,16.50232608495042,16.569214200712857,3757400
2023-11-28,16.846323013305664,16.884545836668085,16.56921483418625,16.597881951708064,6783900
2023-11-29,16.836767196655273,16.96098771318977,16.817655787168636,16.951432008446453,6039100
2023-11-30,16.76987648010254,16.903654517695678,16.693432668291134,16.827210705884273,5541400
2023-12-01,16.941877365112305,16.960988775796274,16.655213495110537,16.693434493914037,4766000
2023-12-04,16.903654098510742,17.085207007957944,16.8558755782108,17.046986014282183,5588600
2023-12-05,16.68387794494629,16.92276509872317,16.61698983349906,16.8081002855463,5016100
2023-12-06,16.903654098510742,17.066097422402162,16.87498698633078,17.00876319804223,6891300
2023-12-07,16.855876922607422,16.922765033798033,16.798544516238948,16.884544037073827,3340000
2023-12-08,17.094764709472656,17.13298753017879,16.951432776953453,17.094764709472656,4581100
2023-12-11,16.63610076904297,17.094763653806005,16.550101250329362,17.01831983967883,8516800
2023-12-12,16.76987648010254,16.779432184399493,16.56921215755919,16.722099781182,5521000
2023-12-13,16.69343376159668,16.69343376159668,16.521436540679556,16.61698994477873,9025600
2023-12-14,17.553428649902344,17.648982052210027,17.161652045670692,17.199874864645224,14029200
2023-12-15,17.840091705322266,18.1363112488902,17.801868888054535,18.088534549869777,8262300
2023-12-18,17.964313507080078,18.01209203209771,17.725426349685055,17.859204397170043,4898200
2023-12-19,17.95475959777832,18.107647232477248,17.84964866546117,17.84964866546117,5257800
2023-12-20,17.601205825805664,17.849648688148285,17.601205825805664,17.70631675825641,6181000
2023-12-21,17.59164810180664,17.734980015248276,17.371872379691855,17.677647614384455,7763900
2023-12-22,17.92609405517578,18.050314585802873,17.81142740781156,17.868761642775937,7018100
2023-12-26,17.629873275756836,17.840093322087895,17.553429456857867,17.81142620653913,3866200
2023-12-27,17.773204803466797,17.84964862062424,17.629872874117137,17.811425800763335,4338000
2023-12-28,17.734981536865234,17.84964817099515,17.706316245255994,17.78276006048783,3308700
2023-12-29,17.5629825592041,17.70631630801562,17.505650153218088,17.67764919374045,2864800
2024-01-02,17.27631950378418,17.467429962640548,17.218987095153032,17.42920714184351,8963600
2024-01-03,17.238100051879883,17.2572096414282,16.76987956793692,16.779435273993364,12408800
2024-01-04,17.266761779785156,17.457872216297226,17.209429377857212,17.39098411028726,6707600
2024-01-05,17.295429229736328,17.50564925595294,17.266762116930515,17.438761148636935,10479200
2024-01-08,17.582094192504883,17.601205602264912,17.28587463148184,17.295430336361854,7538600
2024-01-09,17.43876075744629,17.601204081240137,17.400537941229295,17.534315975424587,6106100
2024-01-10,17.295429229736328,17.496093551684332,17.1807626010773,17.467428261442752,13572600
2024-01-11,17.983423233032227,18.289198474253283,17.80186850009565,17.811424204204332,17927300
2024-01-12,18.72875213623047,19.16830359889913,18.547197399553994,18.547197399553994,21182400
2024-01-16,18.604530334472656,18.700085557694276,18.356087483122163,18.52808652040822,13410000
2024-01-17,18.67142105102539,18.833862567993744,18.60453111616479,18.690530638421194,11273100
2024-01-18,18.948530197143555,19.072750723258864,18.77653114362662,18.93897449166323,9891800
2024-01-19,19.101417541503906,19.139640362828505,18.85297467058732,18.919862785340932,7921000
2024-01-22,18.986751556396484,19.110972072942307,18.958084442163916,19.0440839622973,5823300
2024-01-23,18.910308837890625,19.063196477537193,18.738309787647133,18.82430931276888,8984900
2024-01-24,19.101417541503906,19.28297229766688,19.072750425510456,19.20652847758212,10476100
2024-01-25,19.19697380065918,19.26386191899608,18.977198033962352,19.110974270636156,7290500
2024-01-26,19.321191787719727,19.46452553393023,19.225638386998448,19.2638593827741,5696300
2024-01-29,19.27341651916504,19.27341651916504,19.177861288780747,19.254305108575295,5283800
2024-01-30,19.063196182250977,19.177860998927546,18.97719665846135,19.139640000890154,6409700
2024-01-31,18.977195739746094,19.254303885436236,18.967640035058253,19.14919477899861,6594300
2024-02-01,19.292526245117188,19.3211915359343,18.948528174797676,18.977195288179058,8251300
2024-02-02,19.445415496826172,19.57919172532663,19.30208356306648,19.4263040863077,6117900
2024-02-05,19.39763641357422,19.445414938498555,19.302083008854286,19.416747823543954,3604800
2024-02-06,19.693857192993164,19.818077708836356,19.588746263965938,19.73207818918941,7549400
2024-02-07,19.521860122680664,19.569636828385825,19.235194420756205,19.407193477397982,5739100
2024-02-08,19.292526245117188,19.598301497594857,19.273414836196267,19.52185768447544,6885700
2024-02-09,19.206527709960938,19.34985963907081,19.158749185214738,19.254304412142773,5895300
2024-02-12,19.244749069213867,19.34030429793943,19.196972366133284,19.196972366133284,4253200
2024-02-13,18.977195739746094,19.120527664935086,18.929417216306888,19.03452814530883,6914100
2024-02-14,19.282970428466797,19.302081837276525,19.10141568990288,19.168303798172676,7591100
2024-02-15,19.40719223022461,19.426303640304308,19.29252741487518,19.368971232629594,5247500
2024-02-16,19.56007957458496,19.665190505894362,19.359415239428127,19.4454147609423,5516600
2024-02-20,19.130083084106445,19.493190744003464,19.10141597047078,19.37852593458937,7587200
2024-02-21,18.9007511138916,19.053638737208956,18.805195893677194,18.910306818169463,6191500
2024-02-22,19.40719223022461,19.454970755423854,19.244748889675936,19.30208311991503,6590200
2024-02-23,19.216083526611328,19.359415456554377,19.206527821606542,19.311636931530444,4228200
2024-02-26,19.101417541503906,19.139640362828505,18.948529901334382,19.044085132081445,5145700
2024-02-27,19.110971450805664,19.168303854840087,19.044083342338126,19.091860041939437,2751500
2024-02-28,19.063196182250977,19.072750064837024,18.929418132709113,19.063196182250977,4344500
2024-02-29,19.072750091552734,19.196972436118152,19.04408479862564,19.13964002769956,6256900
2024-03-01,18.948530197143555,19.034529723902022,18.88164208134574,19.034529723902022,6151800
2024-03-04,18.919862747192383,18.929418452504265,18.633198878093637,18.766975107331128,6821800
2024-03-05,18.432533264160156,18.62364188953634,18.36564333158597,18.528086665566097,7522600
2024-03-06,18.470752716064453,18.747862660155487,18.442085604500644,18.65230744417361,9226500
2024-03-07,18.528087615966797,18.65230996026941,18.480310912813113,18.633198549982176,11084100
2024-03-08,18.403865814208984,18.58542055418146,18.394310109729986,18.537642031786454,8183300
2024-03-11,18.365644454956055,18.442088274295223,18.31786775133073,18.356088749718104,8544100
2024-03-12,18.55675506591797,18.70008700052724,18.48986695127127,18.566310771233844,11415900
2024-03-13,18.528087615966797,18.585421846828492,18.432534209659433,18.489866617956732,7171000
2024-03-14,18.78608512878418,19.024972276223007,18.70008560990106,18.91986134812935,8476900
2024-03-15,18.375200271606445,18.786086486507415,18.36564456631056,18.747865487888298,13296100
2024-03-18,18.317867279052734,18.375199686437842,18.22231205170131,18.33697868903589,6324200
2024-03-19,18.0120906829834,18.0120906829834,17.801868833780297,17.859203059507088,9561000
2024-03-20,18.08853530883789,18.08853530883789,17.811425339712457,17.840092453866085,9677300
2024-03-21,17.40053939819336,17.668093666422333,17.324095581922844,17.53431744359002,22905000
2024-03-22,16.932321548461914,17.314542469370906,16.903656255188835,17.304986764091737,15028500
2024-03-25,16.846323013305664,16.99921248419081,16.808102012507778,16.99921248419081,12454500
2024-03-26,16.960988998413086,17.027877114120457,16.855878060836094,16.922766176543465,10500900
2024-03-27,16.999210357666016,17.046987058327858,16.894099429132797,17.037431353682628,6074600
2024-03-28,17.13298797607422,17.190320386061128,16.99921174524995,16.99921174524995,7019600
2024-04-01,16.79854393005371,17.123430592412046,16.72210011670847,17.09476347894598,14601600
2024-04-02,16.79854393005371,16.827211043519778,16.616989189897165,16.655212007851922,12687000
2024-04-03,16.932321548461914,17.027876778689162,16.741212910571843,16.769878203844918,8871400
2024-04-04,16.960988998413086,17.21898757833963,16.8654337663035,16.95143329294568,12716500
2024-04-05,17.037431716918945,17.056543126616855,16.865432674766424,16.913211199011204,5967200
2024-04-08,17.066099166870117,17.161652572108927,16.94187682395666,16.95143252899342,8716600
2024-04-09,17.381431579589844,17.45787540363843,17.209432519839392,17.22854393149267,13467900
2024-04-10,17.199872970581055,17.276316777547738,17.066096764030387,17.199872970581055,11553000
2024-04-11,17.142541885375977,17.333650506163597,17.056542368124056,17.333650506163597,13389200
2024-04-12,16.932321548461914,17.06609959980583,16.75076861585101,16.989655780136918,17657700
2024-04-15,16.5023250579834,16.922765137343895,16.492769353102794,16.903655550147036,11374300
2024-04-16,16.292102813720703,16.42588085634798,16.22521470368922,16.22521470368922,13033300
2024-04-17,16.196548461914062,16.416324188425754,16.120104651711554,16.378101372042398,17034100
2024-04-18,15.776107788085938,16.148771163197118,15.327000596988762,15.537220635309163,31702900
2024-04-19,16.06277084350586,16.196548881751113,15.938550332168388,16.01499414435243,16182300
2024-04-22,16.530990600585938,16.61699012325034,16.20610391997917,16.292103442643572,19944700
2024-04-23,16.397214889526367,16.59788105622372,16.368547773551192,16.530991118948315,8832400
2024-04-24,16.282548904418945,16.46410182489693,16.177437975936943,16.397213714977216,10685000
2024-04-25,16.253883361816406,16.339882889331136,16.08188430678695,16.263439067380762,10657300
2024-04-26,16.186992645263672,16.3685455541296,16.12965842108731,16.349435968635,8845000
2024-04-29,16.215660095214844,16.330326736280526,16.177439096569234,16.196550507174255,7426500
2024-04-30,15.967216491699219,16.19654976329775,15.967216491699219,16.17743835357048,11349100
2024-05-01,16.02454948425293,16.139214288639067,15.938549969681224,15.976770963621869,6966200
2024-05-02,16.120105743408203,16.158326739815784,15.890772474705411,16.100994333922248,8716700
2024-05-03,16.177438735961914,16.23477114393456,16.110550622899765,16.16788303087241,4035300
2024-05-06,16.215660095214844,16.28255003233241,16.196550507174255,16.24432721112237,4209700
2024-05-07,16.368547439575195,16.425881670355725,16.234771212882755,16.301659326228975,8843200
2024-05-08,16.330326080322266,16.378102782351284,16.14877133199616,16.234770853699874,4739100
2024-05-09,16.215660095214844,16.301659620372998,16.139216275359196,16.28255003233241,12308400
2024-05-10,16.120105743408203,16.206103440966345,16.043661928028712,16.186993854044715,10340700
2024-05-13,16.16788101196289,16.28254763615396,16.139213900274083,16.186992419755427,5923300
2024-05-14,16.196548461914062,16.253880863924895,16.110548947615715,16.244325159829057,9395500
2024-05-15,16.292102813720703,16.36854662840873,16.110549892939332,16.263437522315385,4019700
2024-05-16,16.473657608032227,16.52143613146275,16.387658088421595,16.44499049397391,10753400
2024-05-17,16.368547439575195,16.40677026009555,16.26343832827302,16.387658849835372,7986000
2024-05-20,16.368547439575195,16.454546963181592,16.349437851879415,16.39721455496546,6096100
2024-05-21,16.253883361816406,16.349438594895492,16.24432765625205,16.30166006707371,7889700
2024-05-22,16.5023250579834,16.540546054941466,16.425881241502914,16.492769353102794,8385600
2024-05-23,16.626543045043945,16.74120966358977,16.597877757330544,16.664765858747245,9249300
2024-05-24,16.58832359313965,16.70298839976118,16.559656480202147,16.62654458782541,9241000
2024-05-28,16.55010223388672,16.616990347402556,16.50232553067952,16.5405465287324,11508000
2024-05-29,16.272993087768555,16.38765789753757,16.244325974044155,16.358992606377463,8563800
2024-05-30,16.120105743408203,16.206103440966345,16.02455051854276,16.158326739815784,11351200
2024-05-31,16.3297119140625,16.39795518872231,16.01774159590922,16.310213304305478,14253800
2024-06-03,16.427202224731445,16.47594688702707,16.261467769640777,16.446700833445565,8585300
2024-06-04,16.378456115722656,16.378456115722656,16.144478383725442,16.271217484071673,8822800
2024-06-05,16.71967315673828,16.748921068478676,16.573437317015472,16.661179192747074,7513200
2024-06-06,17.099889755249023,17.109637200347727,16.95365204591243,16.992649264266117,7386000
2024-06-07,17.558095932006836,17.714081086602402,17.46060474551218,17.606840595509304,11158200
2024-06-10,17.39236068725586,17.42160859973014,17.207127627231362,17.265621592690284,6404300
2024-06-11,17.34361457824707,17.372860628790484,17.158381533684366,17.363111325446187,5756500
2024-06-12,17.4118595123291,17.460604174236746,17.304619024744696,17.35336368665234,6033900
2024-06-13,17.363113403320312,17.45085528442974,17.294870131232912,17.40211062136437,6851000
2024-06-14,17.34361457824707,17.363111325446187,17.177880140372963,17.23637410094927,6694600
2024-06-17,17.489850997924805,17.538595656796957,17.285119339784767,17.324116554474124,6348700
2024-06-18,17.460603713989258,17.61658885936966,17.43135580192183,17.528846982656983,10828100
2024-06-20,17.811573028564453,18.01630285534598,17.704332532922816,17.957808884764088,17345600
2024-06-21,17.606840133666992,17.782323892856343,17.45085498316305,17.75307597982823,22822100
2024-06-24,17.684833526611328,17.733580050578745,17.509349759308147,17.538597673688596,5758800
2024-06-25,17.87981414794922,17.89931275562169,17.70433039787613,17.80182157674891,8733100
2024-06-26,17.76282501220703,17.889564107232044,17.704331046536062,17.831070141561078,8693400
2024-06-27,18.162538528442383,18.23078366283802,18.084545948622864,18.1527910830185,8949300
2024-06-28,18.152790069580078,18.269778003033238,18.074797494114748,18.221033340676033,9520300
2024-07-01,18.289278030395508,18.47451110880206,18.240531504767564,18.406265972922938,8064200
2024-07-02,18.747482299804688,18.77673021219456,18.562251099804374,18.620745065094493,10531700
2024-07-03,18.883970260620117,18.942464224555014,18.796228384972977,18.805977688877057,7252400
2024-07-05,18.94246482849121,19.07895136852072,18.864472254261543,18.96196343692104,7709600
2024-07-08,19.01070785522461,19.13744508941734,18.981459942954153,19.11794834072666,10910900
2024-07-09,18.81572723388672,19.098451500199744,18.805979788384015,19.088702195207247,12586700
2024-07-10,18.883970260620117,19.020456796298074,18.679238597613598,18.961962832363177,16768700
2024-07-11,19.39092254638672,19.566406311248276,19.098450844610614,19.147195508410054,14459300
2024-07-12,19.888126373291016,19.946620343060907,19.62490072009185,19.654148634721682,10583500
2024-07-15,19.800382614135742,19.897873794181336,19.663896077765667,19.663896077765667,11641700
2024-07-16,20.1416015625,20.1416015625,19.95636849948378,19.995365716746,7137500
2024-07-17,20.014863967895508,20.161099811037616,19.946618838905536,20.024613272036934,14389200
2024-07-18,21.69170570373535,22.042673222517877,20.98002322130605,21.116509763281623,42176100
2024-07-19,21.136009216308594,21.321242287453277,20.775292378762607,20.775292378762607,16443500
2024-07-22,21.243249893188477,21.243249893188477,20.921528412336723,21.136009399571225,8459600
2024-07-23,21.525970458984375,21.54546906697688,21.184752257073892,21.311491349535594,9992300
2024-07-24,21.311492919921875,21.555219959319004,21.282245005777913,21.321242224636528,7859100
2024-07-25,21.457727432250977,21.57471536254485,21.243248320385796,21.243248320385796,11403500
2024-07-26,22.218156814575195,22.36439265980333,21.876938602716447,21.89643535178778,15980100
2024-07-29,22.032922744750977,22.14991067178825,21.945180869728237,22.06216879676551,8940800
2024-07-30,22.042673110961914,22.110916381604326,21.93543262310117,21.984177285134418,6682900
2024-07-31,21.57471466064453,22.081667300730718,21.204250414113588,22.003674729908965,18250700
2024-08-01,21.740449905395508,21.876938303968945,21.61371267045907,21.73070246073778,10759600
2024-08-02,21.2237491607666,21.301741732099426,20.941024927504124,21.282243124393826,10940900
2024-08-05,20.278087615966797,20.502317890849362,19.86862614201508,20.02461314782063,14844400
2024-08-06,20.463321685791016,20.56081287192874,20.365830499653296,20.44382307666553,9996700
2024-08-07,20.44382095336914,20.892279619229836,20.4243242057583,20.75579308850635,8944600
2024-08-08,20.609556198120117,20.638804109910765,20.356079874403278,20.375578482263712,8243300
2024-08-09,20.76554298400879,20.88253278093247,20.609557827770374,20.697299710590702,7794500
2024-08-12,20.775291442871094,20.911779843640065,20.677800259318875,20.775291442871094,11669500
2024-08-13,21.04826545715332,21.126258028659404,20.843533794768867,20.843533794768867,7691800
2024-08-14,21.20425033569336,21.223748943199077,21.019017283368157,21.06776380213245,5350300
2024-08-15,21.282243728637695,21.447978179861664,21.26274512037849,21.340737693925675,6838200
2024-08-16,21.457727432250977,21.516221397397914,21.35048694657357,21.447978128144882,5219100
2024-08-19,21.701454162597656,21.750198822978497,21.496722498121,21.53571971401735,5276900
2024-08-20,21.750198364257812,21.828190934916023,21.633210438015276,21.711203008673486,5588900
2024-08-21,22.00367546081543,22.013424764928192,21.808694957029065,21.818442401652202,7843700
2024-08-22,21.779447555541992,21.945182010367105,21.75019964251768,21.847690826442392,4273000
2024-08-23,21.779447555541992,21.847690826442392,21.594214492034002,21.789196859883432,4428500
2024-08-26,21.876937866210938,21.93543183043501,21.750198774320918,21.750198774320918,4569000
2024-08-27,22.227903366088867,22.33514384937498,21.964679599052317,21.99392565122883,8258200
2024-08-28,22.42288589477539,22.890841328041024,22.39363798288769,22.442384502700524,7492200
2024-08-29,22.617870330810547,22.734858270118767,22.43263725750114,22.43263725750114,5756200
2024-08-30,22.69586181640625,22.783603696403787,22.5496241100839,22.70561112079372,6375000
2024-09-03,22.40338706970215,22.7446052671263,22.315645194379094,22.5983694280844,5793200
2024-09-04,22.481380462646484,22.52037767954376,22.257152043956097,22.286399956629054,5558000
2024-09-05,22.325393676757812,22.61786720356928,22.276649018700656,22.452132762889633,6270100
2024-09-06,21.974428176879883,22.34489241496197,21.92568165904703,22.24740123878578,7517300
2024-09-09,22.05242156982422,22.188908105876447,21.993925746239327,22.188908105876447,4585000
2024-09-10,22.354642868041992,22.354642868041992,22.08166793260974,22.198657721934882,6484400
2024-09-11,22.344894409179688,22.374142322489693,21.99392688741838,22.315646495869682,5590600
2024-09-12,22.666614532470703,22.744607110245852,22.500880072262294,22.666614532470703,5643300
2024-09-13,22.617870330810547,22.74460757497608,22.569123806523983,22.68611360532197,5273400
2024-09-16,22.60811996459961,22.70561114910618,22.471631562494537,22.617869268999236,6747300
2024-09-17,22.393638610839844,22.832348004009464,22.247402766279855,22.695861463685425,10352700
2024-09-18,21.91593360900879,22.130414580762,21.82819173138059,21.91593360900879,7051700
2024-09-19,22.12066650390625,22.237654440907995,22.052423230740278,22.15966186307692,6281100
2024-09-20,22.276649475097656,22.325394134153477,22.04267176454853,22.0719178161862,21841100
2024-09-23,22.12066650390625,22.15966186307692,21.9256841295837,22.14991255841182,4900300
2024-09-24,22.013425827026367,22.149912372210952,21.896436031518355,22.052423045358946,7015300
2024-09-25,21.993927001953125,22.042673524390317,21.886688371570695,21.94518233900563,9151500
2024-09-26,22.383888244628906,22.6763617793625,22.286398925873936,22.471630119100027,10927900
2024-09-27,21.82819175720215,22.13041460694107,21.7794470960131,22.052422033344815,9702000
2024-09-30,21.711204528808594,21.857440376595417,21.52597146321745,21.720953833259674,11576900
2024-10-01,21.82819175720215,21.954930851477087,21.71120382655258,21.857439669609356,8366500
2024-10-02,21.75994873046875,21.876938521912944,21.613712885780746,21.7989459474467,5273100
2024-10-03,21.84769058227539,21.86718919074035,21.633211467629746,21.633211467629746,7816800
2024-10-04,22.218156814575195,22.30589683412035,22.02317444794458,22.042673056505574,9261000
2024-10-07,22.33514404296875,22.491129187560805,22.149910986457087,22.159660290430292,7549400
2024-10-08,22.7348575592041,22.77385477741392,22.500879828414334,22.55937379623935,7722500
2024-10-09,22.686111450195312,22.793350074458804,22.6276156266084,22.73485611036148,4269500
2024-10-10,22.081668853759766,22.15966143006683,21.88668834273696,22.062170244810577,7665900
2024-10-11,22.354642868041992,22.413136832959754,22.208407026002778,22.257151686852644,5065600
2024-10-14,22.773853302001953,22.86159517779994,22.61786815824766,22.695860730124807,7100000
2024-10-15,22.442384719848633,22.69586104685917,22.393638199564133,22.59836986577979,10562700
2024-10-16,22.325393676757812,22.354641587285812,22.13041318503968,22.188907146606166,13868500
2024-10-17,22.09141731262207,22.15966058184233,21.467476726048687,21.623461872692033,16539000
2024-10-18,21.94518280029297,21.974430714370072,21.662458542683485,21.82819300347428,11307600
2024-10-21,21.642961502075195,21.720954079076794,21.428480520703516,21.43822982526493,10411900
2024-10-22,21.60396385192871,21.69170573173761,21.496723363386796,21.496723363386796,5733800
2024-10-23,21.652708053588867,21.808695060644546,21.555218730977316,21.623462000601254,4532000
2024-10-24,21.496721267700195,21.759946881465382,21.467475216941505,21.652706403378197,7199600
2024-10-25,21.34073829650879,21.535720665627142,21.3212415471887,21.4967234480076,6572800
2024-10-28,21.51622200012207,21.662457846830662,21.496723391363677,21.652708542451464,3887200
2024-10-29,21.4669189453125,21.664133420822182,21.328866743581703,21.378171773055044,8789300
2024-10-30,20.82596778869629,21.259840746214813,20.816106783189802,21.22039860498335,8486700
2024-10-31,20.6188907623291,20.786524097014482,20.579448620470817,20.747081955156197,8615100
2024-11-01,20.470979690551758,20.74708221013104,20.470979690551758,20.58930799837535,9285500
2024-11-04,20.431535720825195,20.589308052198785,20.362510560948568,20.470979744065865,11936900
2024-11-05,20.421674728393555,20.520282905765285,20.372371580104964,20.490701769109947,9558400
2024-11-06,21.102069854736328,21.29928621668871,20.904855373578563,21.2105390418896,17779900
2024-11-07,21.348588943481445,21.358449949463004,21.04290528123148,21.141513460252476,12341100
2024-11-08,21.44719696044922,21.693716465741737,21.358449788080346,21.358449788080346,7743000
2024-11-11,21.7331600189209,21.821905308574173,21.466918507577507,21.575385808617963,6092100
2024-11-12,21.713438034057617,21.86134935805312,21.683855016940708,21.713438034057617,3848800
2024-11-13,21.7331600189209,21.752880149513558,21.496499643863757,21.673993984759353,5432100
2024-11-14,21.51622200012207,21.723299361417563,21.506360994270423,21.63455218954729,6169200
2024-11-15,21.230260848999023,21.447197340413705,21.072488513280238,21.40775331608671,7650200
2024-11-18,21.299285888671875,21.368311050053812,20.973880213018045,21.033044368374764,4816400
2024-11-19,21.427474975585938,21.644413344224734,21.131652321180663,21.131652321180663,6033100
2024-11-20,21.683855056762695,21.723299079657682,21.49649970960057,21.69371606248644,7812600
2024-11-21,21.654272079467773,21.733160125403018,21.46691861275517,21.516221760670163,6121500
2024-11-22,22.472719192504883,22.492439323688735,21.989539303006158,22.09800848809296,8678600
2024-11-25,22.522022247314453,22.56146439031152,22.13745241931881,22.16703355636797,11805800
2024-11-26,22.857288360595703,22.877010372003358,22.581185843272088,22.620629866087402,7339500
2024-11-27,22.42341423034668,22.798124935891384,22.25578088961238,22.689655750476668,9141100
2024-11-29,21.762741088867188,21.93037442355819,21.693715930016985,21.83176624771739,5620900
2024-12-02,21.890932083129883,21.969818246928057,21.703576738811282,21.802184913757625,5836200
2024-12-03,21.81204605102539,22.088146685588747,21.72329888111731,21.979679385207934,8215700
2024-12-04,22.206478118896484,22.295225293786142,21.959958606601795,22.02898376911717,5866400
2024-12-05,22.541744232177734,22.768541726323974,22.43327504767537,22.443136053611454,5984600
2024-12-06,22.541744232177734,22.66007254182161,22.482578196561224,22.561464363255332,4709600
2024-12-09,22.837566375732422,23.084085876231082,22.68965505159213,22.68965505159213,6292000
2024-12-10,22.916452407836914,23.054502725461777,22.640349891792667,22.80798322639194,6600900
2024-12-11,23.03478240966797,23.182693731761297,22.867149076416997,22.916452223516604,6193400
2024-12-12,22.926313400268555,23.143249882238834,22.827705224538605,23.0446435873034,5750900
2024-12-13,23.0742244720459,23.301021957197403,22.955896167094892,23.192554657791398,4443500
2024-12-16,23.024921417236328,23.25171890329523,22.985477394898517,23.024921417236328,9862100
2024-12-17,22.8079833984375,23.054502899366888,22.798124273499514,23.005199751498825,3890600
2024-12-18,22.334667205810547,22.965758429671865,22.30508606835092,22.807984213110586,6071000
2024-12-19,23.09394645690918,23.291162805996212,22.778401803005522,22.857287966481437,9178400
2024-12-20,22.41355323791504,22.650211740131407,22.12759158636823,22.31494505845957,12356700
2024-12-23,22.462858200073242,22.52202235524967,22.196616680587436,22.4135531700974,3622600
2024-12-24,22.4529972076416,22.502300356852643,22.236058837206006,22.26564185520938,2051600
2024-12-26,22.324806213378906,22.44313640567358,22.285364069810413,22.324806213378906,3440300
2024-12-27,22.167034149169922,22.38397252423628,21.989539798950037,22.275503336703103,4339900
2024-12-30,21.79232406616211,21.910652372319912,21.58524670919418,21.910652372319912,4830800
2024-12-31,21.614830017089844,21.881071530720572,21.585246999754915,21.841627507607335,2304300
